"キーワード","インプレッション","クリック数","CTR","平均の位置"
"real train mod","1273","22","1.73%","10.6213742340927"
"rtm","1082","10","0.92%","6.56746848428836"
"rtm mod","855","9","1.05%","6.99649567251462"
"リアルトレインmod","200","1","0.5%","8.4700015"
"マイクラrtm","122","6","4.92%","7.75410901639344"
"rtm wiki","121","9","7.44%","5.89258181818182"
"fixrtm","71","4","5.63%","6.28168450704225"
"マイクラリアルトレインmod","67","3","4.48%","7.82091044776119"
"rtm 車両","67","9","13.43%","7.23880447761194"
"site:rtmwiki.kotl.io","60","0","0%","12.1667"
"minecraft rtm","45","1","2.22%","6.95555333333333"
"rtm模组","37","1","2.7%","4.86486486486486"
"minecraft realtrainmod","30","0","0%","5.33333"
"rtmエディタ","29","0","0%","10"
"rtm add-on search","27","0","0%","6.03705555555556"
"rtm addon","26","3","11.54%","7.19231538461538"
"webctc","25","6","24%","4.320008"
"rtm minecraft","21","1","4.76%","4.95238095238095"
"atsassistmod","20","9","45%","5.74999"
"rtm addon search","18","0","0%","6.22221666666667"
"rtm addons","16","0","0%","5.12500625"
"rtm じどうてんてつき使い方","16","0","0%","7.5"
"rtm電車自動運転","14","0","0%","3"
"rtm signal controller mod","14","5","35.71%","3.7143"
"rtm json","14","1","7.14%","5.7857"
"rtm 自動運転 1.12.2","12","0","0%","4"
"マイクラ mod rtm リアルトレインmod","11","0","0%","7.7273"
"signalcontrollermod","11","4","36.36%","3.90909090909091"
"real train mod minecraft","11","0","0%","8.45455454545455"
"rtm追加パック","11","0","0%","8.4545"
"rtm ats","10","5","50%","3.70002"
"rtm webctc","10","3","30%","4.6"
"mobile real train mod","10","2","20%","6.9"
"taiwan realtrainmod","9","0","0%","5.4444"
"mincraft mods pc rtm","9","0","0%","3"
"minecarft rtm taiwan","9","0","0%","5.1111"
"ngt5479","9","2","22.22%","5"
"rtm forge","8","1","12.5%","7.4999625"
"シグコン mod","8","1","12.5%","1.5"
"atcmod rtm","8","1","12.5%","5"
"rtm 信号システム","8","2","25%","4"
"マイクラrtmアドオン","8","0","0%","3"
"rtm trucks minecraft","7","1","14.29%","2.2857"
"rtm tuto minecraft","7","0","0%","1"
"atsassistmod 使い方","7","5","71.43%","4.28571428571429"
"rtm追加包","7","1","14.29%","6.85714285714286"
"リアルトレイン mod 入れ方","7","0","0%","8.2857"
"rtm ato","6","1","16.67%","2"
"マイクラ rtm wiki","6","3","50%","5"
"real train mod train mod","6","0","0%","6.5"
"rtm machine mod","6","1","16.67%","10.5"
"realtrainmod作成アプリ","6","1","16.67%","4.3333"
"rtm 1.7.10","6","1","16.67%","4.33333333333333"
"rtmclub","6","1","16.67%","2"
"rtm tasc","5","2","40%","4.2"
"rtm train addon","5","0","0%","4.8"
"rtm mods","5","0","0%","4.2"
"rtm.wiki","5","0","0%","6"
"minecarft rtm","5","0","0%","3.80002"
"realtrainmod addon crossing","5","0","0%","9"
"minecraft rtm 模組","5","1","20%","6.20002"
"minecraft rtm電柱モデルパックマン","5","1","20%","8.4"
"ht1100系","5","1","20%","3.8"
"realtrainmod cant get list","5","2","40%","6.2"
"realtrainmod mochipack","5","0","0%","4"
"rtmクラッシュを治すためのモッド","4","2","50%","5.5"
"ats]atsassistmod","4","0","0%","4.5"
"real train mod pack taiwan","4","0","0%","7.5"
"realtrainmodブルーサンダー","4","0","0%","6.75"
"real train mod obj","4","0","0%","4.5"
"mc模组rtm","4","0","0%","4.25"
"rtm公式","4","1","25%","6.5"
"real train mod addons","4","0","0%","7.5"
"rtm g顔","4","1","25%","3"
"rtm assistmod 1.12.2","4","1","25%","3.5"
"rtm架線","4","0","0%","3.25"
"rtm にあう軽量化mod","4","1","25%","7"
"rtm どこ","4","0","0%","6"
"real train mod扩展包","4","0","0%","10"
"rtm 車内放送 追加","4","3","75%","1.75"
"rtmtrain pack エディター","4","1","25%","5.5"
"rtm japanese minecraft","4","0","0%","15.25"
"minecraft real train mod rtm","4","0","0%","4"
"rtm ka-bu","4","1","25%","7"
"realtrainmod taiwanpack","4","0","0%","2"
"rtmアドオン","4","1","25%","5.5"
"rtm 地鉄","4","1","25%","9"
"rtm モデル","4","3","75%","6"
"https://www.curseforge.com/minecraft/mc-mods/realtrainmod","4","0","0%","4"
"minecraft rtm mod 全称","4","0","0%","5"
"rtm車両検知","4","0","0%","5.5"
"how to use rtm minecraft","4","1","25%","11.5"
"rtm mods mcte","4","0","0%","7.25"
"rtm mod minecraft","4","0","0%","6.5"
"realtrainmod kiha52","4","2","50%","4.5"
"webctc 使い方","4","3","75%","2.75"
"kai-z-jp rtmdengoadapter","3","1","33.33%","4.3333"
"マイクラrtm肥線","3","1","33.33%","4"
"rtm railway","3","0","0%","4.33333333333333"
"corpintra01/webctc/login2.asp","3","0","0%","10"
"rtm エフェクト","3","1","33.33%","3.3333"
"rtm バス","3","1","33.33%","9.3333"
"rtm台灣高鐵模組","3","0","0%","8"
"rtm　線路","3","1","33.33%","8"
"minecraft rtm 製作所","3","0","0%","3"
"rtm ホーム","3","2","66.67%","10.3333333333333"
"rtm モデル編集","3","0","0%","3.3333"
"rtm addon-search","3","0","0%","4.66666666666667"
"rtm アドオン 見れない","3","1","33.33%","5.6667"
"rtm wikigg","3","0","0%","5.3333"
"rtm 支援","3","1","33.33%","2.3333"
"rtm trainsignal","3","1","33.33%","5"
"rtmアドオン作成","3","1","33.33%","6.6667"
"rtm traindatabase","3","1","33.33%","6.3333"
"rtm addons けいおう","3","1","33.33%","6"
"rtm mod 関数","3","1","33.33%","6"
"minecraft rtm mod","3","0","0%","4.66666666666667"
"rtm アドオン 特急","3","1","33.33%","7"
"rtm minecraft mod","3","0","0%","3.66666666666667"
"rtm 1.12.2","3","1","33.33%","5"
"realtrain dev","3","0","0%","5.3333"
"rtm addon wiki","3","1","33.33%","5.6667"
"realtrainmod (rtm)欲しい","3","1","33.33%","4"
"slotpos rtm","3","1","33.33%","7"
"rtm 運転支援","3","2","66.67%","3.6667"
"rtm モデル作成パック","3","0","0%","4"
"りあるとれいんもっときは85","3","1","33.33%","9"
"realtrain fev","2","0","0%","7"
"minecraft rtm mod download","2","0","0%","7.5"
"マイクラ リアルトレインmod 一覧","2","1","50%","8"
"real train mo","2","0","0%","6"
"https://www.curseforge.com/minecraft/mc-mods/realtrainmod/files/4641603","2","0","0%","9"
"rtm 自動停止","2","2","100%","1.5"
"rtm mods addons","2","0","0%","5.5"
"realtraindev twitter","2","0","0%","7"
"rtm火车模组","2","0","0%","9"
"how to place rails in real train mod","2","0","0%","6"
"rtm　方向幕　json","2","1","50%","6"
"rtm 追加","2","2","100%","3.5"
"rtm拓展包","2","0","0%","6"
"マイクラ rtm 総合版","2","0","0%","4"
"how to place tracks in rtm minecraft","2","0","0%","13.5"
"rtm 地形mod","2","2","100%","2"
"rtm mc mod","2","0","0%","7.5"
"cake s rtm addon","2","2","100%","4"
"rtm 最新","2","3","150%","5.5"
"rtm アドオン ソファー","2","0","0%","4"
"realtrainmod官方网站","2","1","50%","5.5"
"rtm マインクラフト1 12 2の連絡先ネットワーク","2","2","100%","5.5"
"rtm線路60m以上にするほうほう","2","1","50%","5"
"rtm ピッチが動くようにする方法","2","1","50%","3"
"トレインモッド","2","1","50%","8"
"json rtm 組み方","2","1","50%","6"
"rtm 车止 addon","2","1","50%","5"
"mod rtm","2","0","0%","5"
"rtm signal mod","2","0","0%","4.5"
"rtm 車両データ","2","1","50%","9"
"rtm模组.","2","0","0%","5"
"rtm mod models","2","1","50%","4"
"りあるとれいん","2","0","0%","4.5"
"rtm-addon search","2","0","0%","7"
"リアル　rtm","2","1","50%","9"
"realtrainmod 自動運転","2","1","50%","5"
"rtm mod pack","2","0","0%","7"
"マインクラフト リアルト レイン mod 24けい","2","1","50%","10"
"rtm mod java","2","0","0%","7"
"wiki rtm","2","0","0%","8.5"
"rtm アドオン 検索","2","1","50%","4.5"
"マイクラ mod realtrainmod","2","1","50%","4"
"rtm附属mods","2","0","0%","6.5"
"マイクラリアルトレインmodあずさ","2","1","50%","4"
"rtm mod 閉塞","2","1","50%","6.5"
"realtrainmod tram","2","0","0%","8"
"signalcontrollermod youtube","2","1","50%","3"
"minecraft mod rtm","2","1","50%","6.5"
"rtm 線路　画面右端に","2","1","50%","5"
"atsassistmodのtasc","2","1","50%","4.5"
"rtm trains","2","0","0%","3.5"
"rtm minecraft all signals","2","0","0%","5"
"masa300","2","0","0%","10"
"rtm 信号機 1.12.2","2","0","0%","10.5"
"fixrtm 入れ方","2","1","50%","4.5"
"rtm mod 1.7.10　建物","2","1","50%","5"
"curseforge rtm","2","0","0%","8"
"フォージでリアル鉄道モッドを入れる方法","2","1","50%","2.5"
"lipacks","2","0","0%","5"
"minecraft rtm信號燈","2","0","0%","4"
"マイクラｒｔｍ","2","0","0%","8"
"rtm 車止 addon","2","1","50%","5"
"rtm 車両キル","2","0","0%","5.5"
"realtrainmod adon","2","0","0%","6"
"real train mod spielen","2","0","0%","5"
"rtm mc","2","0","0%","5"
"rtm 信号設置","2","0","0%","5"
"rtm traindatamapとは","2","2","100%","1.5"
"atsassistmod 音声再生 できない","2","1","50%","3.5"
"rtm 乗務員足場","2","2","100%","5"
"realtranmod","2","0","0%","5"
"minecraft  goods rtm","2","1","50%","3.5"
"rtm スクリプト","2","1","50%","6.5"
"realtrainmod材质类型","2","0","0%","5"
"real train","2","0","0%","7.5"
"atsassistmod 連結切れる","2","1","50%","4"
"rtm addon　車内放送","2","1","50%","4.5"
"rtm 入れたほうがいいアドオン","2","1","50%","5"
"rtm atos","2","1","50%","14"
"rtm 信号機","2","1","50%","6"
"atsassistmod 1.12.2　車内放送","2","1","50%","3.5"
"minecraft rtm taiwan","2","0","0%","6"
"minecraft realtrainmod kiha56","2","0","0%","6.5"
"ｒｔｍ　大阪市営　ngt","2","1","50%","6"
"realtrainmod pack","2","0","0%","6"
"real trains mod","2","0","0%","5"
"superrailbuilder","2","0","0%","5"
"rtm模组追加包","2","1","50%","7.5"
"マイクラrtm 併用軌道","2","0","0%","7"
"rtm mods addons keikyu","2","0","0%","5"
"signalcontroller","2","1","50%","2"
"in real train mod what button do you press to fire","2","0","0%","2"
"rtm プラットホーム","2","1","50%","6.5"
"rtm ロード","2","1","50%","2"
"rtm ブロック追加","2","1","50%","9.5"
"real train addon","2","0","0%","8"
"rtm_addon","1","1","100%","9"
"github real train mod","1","0","0%","3"
"minecraft rtm 名鉄9100","1","0","0%","17"
"real train mod for minecraft bedrock 1.10","1","0","0%","3"
"マイクラ 1.7.10  rtm","1","1","100%","3"
"real train mod manual","1","1","100%","1"
"- real train mod","1","0","0%","6"
"www.curseforge.com/minecraft/mc-mods/ngtlib","1","0","0%","4"
"rtmアドオン音が出ない","1","2","200%","9"
"モデリング 上達 鉄道アドオン","1","0","0%","5"
"rtm扩展包","1","0","0%","10"
"real train mod .com","1","0","0%","7"
"rtm mod 工作扳手","1","1","100%","3"
"rtm トンネルレール","1","0","0%","9"
"minecraft real train mod forge","1","1","100%","5"
"how to announce in real train mod","1","0","0%","9"
"リアルトレインmod 方向幕　ジャヴァスクリプト","1","1","100%","2"
"rtm mod packs","1","0","0%","4"
"mc rtm 第三軌追加包 exit","1","0","0%","2"
"rtm ブロックベンチ","1","1","100%","6"
"treni realistici mod java","1","0","0%","5"
"land of rails realtrainmod","1","0","0%","7"
"rtm-taiwan_tra-v1.0.zip懶人包","1","2","200%","8"
"rtm装置","1","0","0%","15"
"rtm 戦車","1","0","0%","4"
"[rtm]lipacks","1","0","0%","6"
"rtm modd","1","0","0%","9"
"rtm json smooth","1","4","400%","2"
"game：minecraft java edition 1.7.10 mod：realtrainmod 车辆：台湾铁路管理局emu3000型电联车 =============================================== 简介： 容許我在這裡使用繁體，我們是來自台灣的rtm追加包開發者 致力於javascript的技術，和自製車輛。 emu3000型是台鐵最新型的城際電聯車，採12車編成。(6m6t) 由日立笠戶事務所設計，設計最高時速150km/h 營運時https://sites.google.com/view/chishiya-teikoku-daigakuin","1","0","0%","5"
"鐵道 mod","1","1","100%","10"
"rtm livery","1","0","0%","4"
"realtrainmod sd70","1","0","0%","3"
"real train mod pack archive","1","0","0%","9"
"realtrainmod  mod","1","0","0%","4"
"how to add signals in real train mod","1","0","0%","6"
"rtm java","1","0","0%","4"
"rtm] real train mod","1","0","0%","6"
"rtm addon 787","1","0","0%","7"
"minecraft best rtm","1","0","0%","4"
"rtm rw25g追加包","1","0","0%","7"
"the real train mod","1","0","0%","4"
"rtm bootcampus","1","0","0%","2"
"real train mod minecraft9","1","0","0%","3"
"マインクラフトrtm1.7.10","1","0","0%","2"
"rtm mod\","1","1","100%","3"
"リアルトレインモッドレッドプロジェクト","1","1","100%","4"
"how to drive in real train mod","1","0","0%","6"
"rtmマイクラ","1","0","0%","7"
"mod realtrainmod","1","1","100%","2"
"motorman realtrain mod tutorial","1","0","0%","2"
"github masa300","1","0","0%","10"
"real train mods","1","0","0%","5"
"rtm 車止め追加パック","1","0","0%","7"
"rtm 鉄道アドオン移植","1","0","0%","4"
"taiwan traffic lights realtrainmod minecraft","1","0","0%","4"
"rtm 1.12.2 java","1","1","100%","3"
"ｒｔｍ 最新バージョン 対応","1","1","100%","1"
"rtm mod tutorial","1","0","0%","3"
"korail for real train mod","1","0","0%","5"
"礙子包 by ぬらぬこ","1","1","100%","1"
"ntws real train mod","1","0","0%","5"
"realtrainmod 建築pack","1","0","0%","9"
"sakura车辆制造所 realtrainmod","1","0","0%","5"
"real train mod motorman","1","0","0%","10"
"rtm 白鳥","1","0","0%","3"
"minecraft rtm wire","1","0","0%","4"
"rtm 油路🧑‍🧑‍🧒饿","1","0","0%","9"
"マイクラ　rtm","1","1","100%","6"
"rtm 周年","1","0","0%","6"
"リアルトレイン　車両作成","1","1","100%","4"
"rtm mod station mode minecraft","1","0","0%","7"
"minecraft rtm 1 . 7 . 10","1","1","100%","4"
"フォージ 1.12.2","1","0","0%","2"
"rtm包 源","1","0","0%","2"
"minecraft 鉄道 mod","1","0","0%","9"
"how to import trains into rtm train","1","1","100%","4"
"rtm作り","1","0","0%","4"
"real train mod forum","1","0","0%","3"
"rtmmode","1","0","0%","4"
"real train mod)","1","0","0%","6"
"rtm realtrainmod","1","0","0%","2"
"rollsignnames","1","0","0%","7"
"real train mod basics","1","0","0%","4"
"real japan train mod","1","0","0%","9"
"npc rtm","1","0","0%","3"
"mami rtm维基百科","1","0","0%","3"
"マイクラtrainsアドオン初期建物あるか","1","0","0%","3"
"atsassist 時間指定","1","1","100%","1"
"rtm 描画スクリプト","1","1","100%","5"
"rtm教程","1","0","0%","7"
"kintetsu real train mod","1","1","100%","6"
"railway mod","1","0","0%","10"
"rtm mod mobile","1","0","0%","4"
"realtrainmod2","1","0","0%","9"
"rtm mod 1.7.10","1","0","0%","10"
"real train mod mmod","1","0","0%","6"
"real train mod 使い方","1","0","0%","10"
"real train mod 1.21.4","1","0","0%","6"
"minecraft real train mod車站","1","1","100%","6"
"rtm模組","1","0","0%","8"
"asta train rtm","1","0","0%","9"
"real train mod (rtm / japanese rail mod)","1","0","0%","3"
"rtm mod电动转辙器","1","0","0%","7"
"how to import other trains into rtm","1","1","100%","3"
"rtraid mod","1","0","0%","9"
"train rtm","1","0","0%","7"
"talent 2 rtm mod","1","1","100%","3"
"realtrainmod 導入","1","1","100%","1"
"js2.x rtm下載","1","0","0%","4"
"ana rtm アドオン一覧","1","1","100%","3"
"minecraft realtrainmod keio 8000 series","1","0","0%","4"
"マインクラフトrtm1.7.10追加","1","0","0%","5"
"rtm rail way?","1","0","0%","5"
"rtm 自動車","1","0","0%","4"
"マイクラ rmt","1","0","0%","10"
"realtrainmod1.21","1","0","0%","5"
"rtm ライバック","1","1","100%","1"
"rtm optifine 修正","1","1","100%","7"
"#rtm","1","1","100%","4"
"rtm rail addon","1","1","100%","10"
"マイクラ　rtm線路追加","1","1","100%","6"
"rtm synaptics","1","0","0%","1"
"real trains mtr mod","1","0","0%","6"
"real train mod train simulation","1","0","0%","3"
"マイクラ rtm 1.7.10","1","0","0%","2"
"gamer tu real train mod","1","0","0%","6"
"real train mod wiki","1","1","100%","3"
"rtmcompat","1","2","200%","6"
"rtm貨物列車","1","1","100%","7"
"rtm2.2.5zip","1","1","100%","1"
"マイクラリアルトレインmod　きゅうしゅう","1","1","100%","6"
"マインクラフト リア アルト レイン mod トワイライト","1","1","100%","6"
"rtm mod minecraft pushback tutoorial","1","0","0%","3"
"minecraft rtm  トンネル","1","1","100%","7"
"ｒtm作り","1","0","0%","4"
"realtrainmod(realbugmod)","1","0","0%","2"
"real train update download","1","0","0%","7"
"233系rtm マイクラ","1","1","100%","13"
"realtrainmod怎么按喇叭","1","0","0%","7"
"マイクラ rtm 線路","1","0","0%","7"
"rtm japan minecraft","1","0","0%","4"
"realtrainmod map","1","0","0%","5"
"bogiepos","1","0","0%","5"
"realtrainmod (rtm)","1","0","0%","2"
"rtm2 mod","1","0","0%","2"
"rtm mods bolide","1","0","0%","5"
"rtm main","1","0","0%","10"
"github masa300 fumirukipack","1","0","0%","3"
"rtm shuttle mechmod","1","0","0%","4"
"minecraft rtm下載","1","1","100%","5"
"rtm mod 1.12.2","1","1","100%","6"
"real train mod kaizpatch","1","1","100%","1"
"rtm 新幹線 アドオン","1","1","100%","10"
"real train mod mc","1","0","0%","6"
"モッド線","1","0","0%","6"
"realtrain*","1","0","0%","4"
"rtm1.21","1","0","0%","5"
"rtm信号機 使い方","1","0","0%","7"
"rtm json 使い方","1","1","100%","2"
"kaizptach","1","0","0%","2"
"minecraft real train mod wiki","1","1","100%","2"
"츠루마이선 3500형 rarl train mod","1","0","0%","4"
"1996ts rtm mod","1","0","0%","4"
"how to get more trains in rtm mod","1","1","100%","5"
"rtm モデルパック作成マニュアル","1","1","100%","18"
"rtm addon 京急1000","1","0","0%","5"
"realtrainmod 分岐点","1","0","0%","10"
"rtm rtmo","1","0","0%","7"
"台灣鐵路模組","1","0","0%","8"
"realtrainmod forge","1","0","0%","7"
"minecraft java train mod free","1","1","100%","98"
"rtm ifttt","1","1","100%","2"
"rral train mod","1","0","0%","4"
"real train mode","1","0","0%","4"
"minecraft_realtrainmod","1","0","0%","3"
"rtm模组组编文件","1","1","100%","4"
"rtm 400系新幹線","1","1","100%","7"
"rtm アドオン 一覧","1","1","100%","4"
"rtmtrainmonitor","1","0","0%","3"
"剛體架空電線包 rtm","1","1","100%","1"
"rtm minecraft mods","1","0","0%","4"
"マイクラ rtm atsassistmod 使い方","1","1","100%","1"
"real train mod e700","1","0","0%","4"
"rtm rail","1","0","0%","2"
"craftsman train spawn rtm train minecraft mod","1","0","0%","3"
"rtm ats照査","1","1","100%","1"
"マイクラ rtm 255系","1","0","0%","8"
"json rtm","1","1","100%","3"
"rtm模組車站方塊","1","1","100%","6"
"[真实火车] rtm1.7.10.45_forge10.13.4","1","0","0%","5"
"minecraft realtrainmod matilva","1","0","0%","7"
"[真实火车] rtm1.7.10.35_forge10.13.4.1558无法启动","1","0","0%","3"
"マイクラ　rtm 　へい","1","1","100%","1"
"rtm模組怎麼下車不瞬移到車廂中間","1","0","0%","2"
"fix rtm 1.7.10","1","0","0%","4"
"rtm minecraft chinese","1","1","100%","5"
"realtrainmod kintetsut","1","0","0%","4"
"マイクラrtm 静鉄","1","0","0%","8"
"realtrainmod länge der schienen","1","0","0%","6"
"マイクラｍｏｄ　ｒｔｍ　メーター表示","1","1","100%","10"
"rtm 1.7.10 1.12.2","1","0","0%","8"
"rtm 高所","1","0","0%","5"
"alinusher's rtm pack","1","0","0%","5"
"マインクラフト リアルト レイン mod 配布 ワールド 入れ 方","1","1","100%","9"
"how to link trains in real train mod","1","0","0%","3"
"is real train mod also known as rtm","1","0","0%","1"
"bullet train minecraft rtm","1","0","0%","9"
"rtm-mods","1","0","0%","2"
